path,fullUrl,gscReason,routeFileOk,routeDetail,finalUrl,statusCode,redirected,canonicalHref,canonicalMatchesFinal,metaRobots,hasNoindex,title,metaDescription,h1Count,htmlBytes,soft404Signals,errorSnippet,fetchError,deployHintsJson
/,https://minroshmigration.com.au,unknown,yes,app/page.js,https://minroshmigration.com.au,200,no,https://minroshmigration.com.au,yes,"index, follow",no,"Migration Agent Brisbane | Australia, Canada, UK &amp; New Zealand Visa Guidance | MinRosh Migration","Brisbane-based migration and education consultants helping clients plan pathways to Australia, Canada, the UK and New Zealand — skilled, partner, student and employer-sponsored visas in plain English before you lodge.",2,138890,,,,"{""cf-ray"":""9f77f09bda52d724-BNE""}"
/about,https://minroshmigration.com.au/about,unknown,yes,app/about/page.js,https://minroshmigration.com.au/about,200,no,https://minroshmigration.com.au/about,yes,"index, follow",no,About MinRosh Migration | Brisbane Migration Guidance | MinRosh Migration,"Learn more about MinRosh Migration, our Brisbane-based approach, and how we support skilled, student, partner, and education pathways with structured guidance.",2,95226,,,,"{""cf-ray"":""9f77f09c6c0ad724-BNE""}"
/assessment,https://minroshmigration.com.au/assessment,unknown,yes,app/assessment/page.js,https://minroshmigration.com.au/assessment,200,no,https://minroshmigration.com.au/assessment,yes,"index, follow",no,Free Assessment | MinRosh Migration | MinRosh Migration,"Start your MinRosh Migration free assessment to explore skilled, student, partner, and education pathways before booking a full consultation.",2,88733,,,,"{""cf-ray"":""9f77f09cfde2d724-BNE""}"
/australia-visa-document-checklist-guide,https://minroshmigration.com.au/australia-visa-document-checklist-guide,unknown,yes,app/australia-visa-document-checklist-guide/page.js,https://minroshmigration.com.au/australia-visa-document-checklist-guide,200,no,https://minroshmigration.com.au/australia-visa-document-checklist-guide,yes,"index, follow",no,Australia Visa Document Checklist Guide (2026) | MinRosh Migration,"Use this practical 2026 document checklist guide for Australian visa planning: identity, qualifications, employment, financial, health, and character evidence.",2,117052,,,,"{""cf-ray"":""9f77f09d8f95d724-BNE""}"
/australia-visa-fees-and-costs-guide,https://minroshmigration.com.au/australia-visa-fees-and-costs-guide,unknown,yes,app/australia-visa-fees-and-costs-guide/page.js,https://minroshmigration.com.au/australia-visa-fees-and-costs-guide,200,no,https://minroshmigration.com.au/australia-visa-fees-and-costs-guide,yes,"index, follow",no,Australia Visa Fees and Costs Guide (2026) | MinRosh Migration,"Understand typical Australia visa costs in 2026, including government charges, skills assessment, English tests, health checks, police checks, and document preparation planning.",2,118641,,,,"{""cf-ray"":""9f77f09e49c2d724-BNE""}"
/australia-visa-processing-times-guide,https://minroshmigration.com.au/australia-visa-processing-times-guide,unknown,yes,app/australia-visa-processing-times-guide/page.js,https://minroshmigration.com.au/australia-visa-processing-times-guide,200,no,https://minroshmigration.com.au/australia-visa-processing-times-guide,yes,"index, follow",no,Australia Visa Processing Times Guide (2026) | MinRosh Migration,"Learn how Australian visa processing times work in 2026, why timelines vary, and how better preparation can reduce avoidable delays.",2,118076,,,,"{""cf-ray"":""9f77f09f1c26d724-BNE""}"
/australia-vs-canada-migration-guide,https://minroshmigration.com.au/australia-vs-canada-migration-guide,unknown,yes,app/australia-vs-canada-migration-guide/page.js,https://minroshmigration.com.au/australia-vs-canada-migration-guide,200,no,https://minroshmigration.com.au/australia-vs-canada-migration-guide,yes,"index, follow",no,Australia vs Canada Migration Guide (2026) | MinRosh Migration,"Compare Australia and Canada migration pathways in 2026: skilled routes, study options, processing dynamics, and practical decision factors before you commit.",2,114262,,,,"{""cf-ray"":""9f77f09feecad724-BNE""}"
/australian-visas-official-sources,https://minroshmigration.com.au/australian-visas-official-sources,unknown,yes,app/australian-visas-official-sources/page.js,https://minroshmigration.com.au/australian-visas-official-sources,200,no,https://minroshmigration.com.au/australian-visas-official-sources,yes,"index, follow",no,Australian Visas Official Sources | Visa Listing &amp; Visa Finder | MinRosh | MinRosh Migration,"Learn how to use the Department of Home Affairs visa listing and Visa Finder with MinRosh service pages for skilled, partner, student, employer-sponsored, and visitor pathways—without mistaking summaries for law.",2,133819,,,,"{""cf-ray"":""9f77f0a0b936d724-BNE""}"
/book-consultation,https://minroshmigration.com.au/book-consultation,unknown,yes,app/book-consultation/page.js,https://minroshmigration.com.au/book-consultation,200,no,https://minroshmigration.com.au/book-consultation,yes,"index, follow",no,Book Migration Consultation | Registered Agent Brisbane | MinRosh | MinRosh Migration,"Book a migration consultation to review your visa options, risks, and next steps across skilled, partner, student, and employer-sponsored pathways.",2,101127,,,,"{""cf-ray"":""9f77f0a15acad724-BNE""}"
/code-of-conduct,https://minroshmigration.com.au/code-of-conduct,unknown,yes,app/code-of-conduct/page.js,https://minroshmigration.com.au/code-of-conduct,200,no,https://minroshmigration.com.au/code-of-conduct,yes,"index, follow",no,Code of Conduct | MinRosh Migration | MinRosh Migration,Read how MinRosh Migration aligns with regulatory expectations and the OMARA Code of Conduct.,2,90838,,,,"{""cf-ray"":""9f77f0a21cdfd724-BNE""}"
/complaints,https://minroshmigration.com.au/complaints,unknown,yes,app/complaints/page.js,https://minroshmigration.com.au/complaints,200,no,https://minroshmigration.com.au/complaints,yes,"index, follow",no,Complaints Process | MinRosh Migration | MinRosh Migration,Read the MinRosh Migration complaints process and how service concerns can be raised.,2,88892,,,,"{""cf-ray"":""9f77f0a29e41d724-BNE""}"
/contact,https://minroshmigration.com.au/contact,unknown,yes,app/contact/page.js,https://minroshmigration.com.au/contact,200,no,https://minroshmigration.com.au/contact,yes,"index, follow",no,Contact Migration Agent Brisbane | MinRosh Migration | MinRosh Migration,"Contact MinRosh for migration guidance in Brisbane and across Australia. Ask about skilled, partner, student, and employer-sponsored visa pathways.",2,97689,,,,"{""cf-ray"":""9f77f0a3486fd724-BNE""}"
/destinations/australia,https://minroshmigration.com.au/destinations/australia,unknown,yes,app/destinations/[slug]/page.js,https://minroshmigration.com.au/destinations/australia,200,no,https://minroshmigration.com.au/destinations/australia,yes,"index, follow",no,Australia migration hub | visas &amp; pathways | MinRosh Migration | MinRosh Migration,"Overview of Australian visa pathways with links to official Department of Home Affairs listings. Brisbane-based guidance for skilled, student, family, and employer-sponsored routes.",2,174619,,,,"{""cf-ray"":""9f77f0a3faa2d724-BNE""}"
/destinations/australia/about,https://minroshmigration.com.au/destinations/australia/about,unknown,yes,app/destinations/[slug]/[section]/page.js,https://minroshmigration.com.au/destinations/australia/about,200,no,https://minroshmigration.com.au/destinations/australia/about,yes,"index, follow",no,About MinRosh | Australia migration focus | Brisbane | MinRosh Migration,"MinRosh Migration supports Australia-focused visa strategy from Brisbane: skilled, student, partner, and employer-sponsored pathways with clear sequencing.",2,94020,,,,"{""cf-ray"":""9f77f0a4fd7ad724-BNE""}"
/destinations/australia/contact,https://minroshmigration.com.au/destinations/australia/contact,unknown,yes,app/destinations/[slug]/[section]/page.js,https://minroshmigration.com.au/destinations/australia/contact,200,no,https://minroshmigration.com.au/destinations/australia/contact,yes,"index, follow",no,Contact MinRosh | Australia visa enquiry | Brisbane | MinRosh Migration,"Contact MinRosh Migration for Australia visa questions: email, phone, WhatsApp, and consultation booking.",2,94630,,,,"{""cf-ray"":""9f77f0a5bf4cd724-BNE""}"
/destinations/australia/education,https://minroshmigration.com.au/destinations/australia/education,unknown,yes,app/destinations/[slug]/[section]/page.js,https://minroshmigration.com.au/destinations/australia/education,200,no,https://minroshmigration.com.au/destinations/australia/education,yes,"index, follow",no,Australia education consultation | courses &amp; visa alignment | MinRosh | MinRosh Migration,"Education and course planning for Australia with migration awareness: institution choice, genuine student factors, and alignment with study visa requirements.",2,101076,,,,"{""cf-ray"":""9f77f0a63896d724-BNE""}"
/destinations/australia/faq,https://minroshmigration.com.au/destinations/australia/faq,unknown,yes,app/destinations/[slug]/[section]/page.js,https://minroshmigration.com.au/destinations/australia/faq,200,no,https://minroshmigration.com.au/destinations/australia/faq,yes,"index, follow",no,Australia visa FAQ | common questions | MinRosh Migration | MinRosh Migration,"Frequently asked questions about Australian visas: processing, agents, costs, and next steps. General information only; verify on Home Affairs.",2,105591,,,,"{""cf-ray"":""9f77f0a6eab8d724-BNE""}"
/destinations/australia/partner,https://minroshmigration.com.au/destinations/australia/partner,unknown,yes,app/destinations/[slug]/[section]/page.js,https://minroshmigration.com.au/destinations/australia/partner,200,no,https://minroshmigration.com.au/destinations/australia/partner,yes,"index, follow",no,Australia partner &amp; family visas | MinRosh Migration Brisbane | MinRosh Migration,"Partner and family visa guidance for Australia: relationship evidence, onshore and offshore pathways, and document consistency. General information with official Home Affairs references.",2,106533,,,,"{""cf-ray"":""9f77f0a76c4ed724-BNE""}"
/destinations/australia/skilled,https://minroshmigration.com.au/destinations/australia/skilled,unknown,yes,app/destinations/[slug]/[section]/page.js,https://minroshmigration.com.au/destinations/australia/skilled,200,no,https://minroshmigration.com.au/destinations/australia/skilled,yes,"index, follow",no,"Australia skilled migration | 189, 190, 491 planning | MinRosh | MinRosh Migration","Skilled migration planning for Australia: points, skills assessment, EOI, and state or regional nomination. Brisbane guidance with links to Department of Home Affairs visa listings.",2,112480,,,,"{""cf-ray"":""9f77f0a82e6cd724-BNE""}"
/destinations/australia/student,https://minroshmigration.com.au/destinations/australia/student,unknown,yes,app/destinations/[slug]/[section]/page.js,https://minroshmigration.com.au/destinations/australia/student,200,no,https://minroshmigration.com.au/destinations/australia/student,yes,"index, follow",no,Australia student visa guidance | study pathways | MinRosh | MinRosh Migration,"Student visa planning for Australia: enrolment, genuine student requirement, funds, and how study may connect to longer-term goals. Official criteria on Home Affairs.",2,167526,,,,"{""cf-ray"":""9f77f0a8bfded724-BNE""}"
/destinations/australia/updates,https://minroshmigration.com.au/destinations/australia/updates,unknown,yes,app/destinations/[slug]/[section]/page.js,https://minroshmigration.com.au/destinations/australia/updates,200,no,https://minroshmigration.com.au/destinations/australia/updates,yes,"index, follow",no,Australia immigration updates | policy tracking | MinRosh | MinRosh Migration,"How to track Australian immigration changes: official sources, lists, and invitation dynamics. MinRosh updates hub and consultation for your situation.",2,99439,,,,"{""cf-ray"":""9f77f0a95a6dd724-BNE""}"
/destinations/canada,https://minroshmigration.com.au/destinations/canada,unknown,yes,app/destinations/[slug]/page.js,https://minroshmigration.com.au/destinations/canada,200,no,https://minroshmigration.com.au/destinations/canada,yes,"index, follow",no,Canada migration hub | IRCC entry &amp; visa planning | MinRosh Migration | MinRosh Migration,"Canada immigration and visit planning with reference to Immigration, Refugees and Citizenship Canada. General guidance on entry requirements and visa categories.",2,156000,,,,"{""cf-ray"":""9f77f0a9ec13d724-BNE""}"
/destinations/canada/about,https://minroshmigration.com.au/destinations/canada/about,unknown,yes,app/destinations/[slug]/[section]/page.js,https://minroshmigration.com.au/destinations/canada/about,200,no,https://minroshmigration.com.au/destinations/canada/about,yes,"index, follow",no,MinRosh &amp; Canada pathways | migration guidance | MinRosh Migration,How MinRosh supports Canada visa and education planning alongside Australian services.,2,98903,,,,"{""cf-ray"":""9f77f0aadf3fd724-BNE""}"
/destinations/canada/contact,https://minroshmigration.com.au/destinations/canada/contact,unknown,yes,app/destinations/[slug]/[section]/page.js,https://minroshmigration.com.au/destinations/canada/contact,200,no,https://minroshmigration.com.au/destinations/canada/contact,yes,"index, follow",no,Contact MinRosh | Canada immigration enquiry | MinRosh Migration,"Contact MinRosh Migration about Canadian study, work, or permanent residence planning.",2,99730,,,,"{""cf-ray"":""9f77f0ab58d9d724-BNE""}"
/destinations/canada/education,https://minroshmigration.com.au/destinations/canada/education,unknown,yes,app/destinations/[slug]/[section]/page.js,https://minroshmigration.com.au/destinations/canada/education,200,no,https://minroshmigration.com.au/destinations/canada/education,yes,"index, follow",no,Canada education consultation | DLI &amp; permit alignment | MinRosh | MinRosh Migration,Course and institution planning for Canada with study permit awareness.,2,99441,,,,"{""cf-ray"":""9f77f0ac4b81d724-BNE""}"
/destinations/canada/faq,https://minroshmigration.com.au/destinations/canada/faq,unknown,yes,app/destinations/[slug]/[section]/page.js,https://minroshmigration.com.au/destinations/canada/faq,200,no,https://minroshmigration.com.au/destinations/canada/faq,yes,"index, follow",no,Canada visa FAQ | MinRosh Migration | MinRosh Migration,Introductory FAQ for Canada-bound clients working with MinRosh from Australia or abroad.,2,96515,,,,"{""cf-ray"":""9f77f0ad7f15d724-BNE""}"
/destinations/canada/partner,https://minroshmigration.com.au/destinations/canada/partner,unknown,yes,app/destinations/[slug]/[section]/page.js,https://minroshmigration.com.au/destinations/canada/partner,200,no,https://minroshmigration.com.au/destinations/canada/partner,yes,"index, follow",no,Canada partner &amp; family immigration | MinRosh | MinRosh Migration,Family sponsorship and partner routes for Canada at a planning level. Confirm eligibility on IRCC.,2,104344,,,,"{""cf-ray"":""9f77f0ae38d6d724-BNE""}"
/destinations/canada/skilled,https://minroshmigration.com.au/destinations/canada/skilled,unknown,yes,app/destinations/[slug]/[section]/page.js,https://minroshmigration.com.au/destinations/canada/skilled,200,no,https://minroshmigration.com.au/destinations/canada/skilled,yes,"index, follow",no,Canada skilled immigration overview | IRCC planning | MinRosh | MinRosh Migration,"Skilled pathways for Canada: Express Entry concepts, work permits, and PNPs at a high level. Always verify on Canada.ca / IRCC.",2,107801,,,,"{""cf-ray"":""9f77f0af4baed724-BNE""}"
/destinations/canada/student,https://minroshmigration.com.au/destinations/canada/student,unknown,yes,app/destinations/[slug]/[section]/page.js,https://minroshmigration.com.au/destinations/canada/student,200,no,https://minroshmigration.com.au/destinations/canada/student,yes,"index, follow",no,Canada study permit planning | MinRosh | MinRosh Migration,"Study permit guidance for Canada: designated learning institutions, funds, and genuine student factors. Official rules on Canada.ca.",2,149009,,,,"{""cf-ray"":""9f77f0b06eb9d724-BNE""}"
/destinations/canada/updates,https://minroshmigration.com.au/destinations/canada/updates,unknown,yes,app/destinations/[slug]/[section]/page.js,https://minroshmigration.com.au/destinations/canada/updates,200,no,https://minroshmigration.com.au/destinations/canada/updates,yes,"index, follow",no,Canada immigration updates | IRCC changes | MinRosh | MinRosh Migration,Tracking Canadian immigration updates via IRCC. MinRosh helps interpret impact on your case.,2,98409,,,,"{""cf-ray"":""9f77f0b19a1dd724-BNE""}"
/destinations/new-zealand,https://minroshmigration.com.au/destinations/new-zealand,unknown,yes,app/destinations/[slug]/page.js,https://minroshmigration.com.au/destinations/new-zealand,200,no,https://minroshmigration.com.au/destinations/new-zealand,yes,"index, follow",no,New Zealand migration hub | visa planning | MinRosh Migration | MinRosh Migration,"New Zealand visa planning with links to Immigration New Zealand’s find-a-visa tool. General guidance on study, work, and residence pathways—not legal advice.",2,157151,,,,"{""cf-ray"":""9f77f0b2bd6cd724-BNE""}"
/destinations/new-zealand/about,https://minroshmigration.com.au/destinations/new-zealand/about,unknown,yes,app/destinations/[slug]/[section]/page.js,https://minroshmigration.com.au/destinations/new-zealand/about,200,no,https://minroshmigration.com.au/destinations/new-zealand/about,yes,"index, follow",no,MinRosh &amp; New Zealand pathways | migration guidance | MinRosh Migration,How MinRosh Migration supports New Zealand visa planning alongside Australian practice.,2,100015,,,,"{""cf-ray"":""9f77f0b4192dd724-BNE""}"
/destinations/new-zealand/contact,https://minroshmigration.com.au/destinations/new-zealand/contact,unknown,yes,app/destinations/[slug]/[section]/page.js,https://minroshmigration.com.au/destinations/new-zealand/contact,200,no,https://minroshmigration.com.au/destinations/new-zealand/contact,yes,"index, follow",no,Contact MinRosh | New Zealand visa enquiry | MinRosh Migration,"Enquire about New Zealand visas with MinRosh Migration: phone, email, WhatsApp, and consultation booking.",2,100876,,,,"{""cf-ray"":""9f77f0b54c78d724-BNE""}"
/destinations/new-zealand/education,https://minroshmigration.com.au/destinations/new-zealand/education,unknown,yes,app/destinations/[slug]/[section]/page.js,https://minroshmigration.com.au/destinations/new-zealand/education,200,no,https://minroshmigration.com.au/destinations/new-zealand/education,yes,"index, follow",no,New Zealand education consultation | courses &amp; visas | MinRosh | MinRosh Migration,"Course and institution planning for New Zealand with visa awareness: offers of place, costs, and student visa alignment.",2,101123,,,,"{""cf-ray"":""9f77f0b5de11d724-BNE""}"
/destinations/new-zealand/faq,https://minroshmigration.com.au/destinations/new-zealand/faq,unknown,yes,app/destinations/[slug]/[section]/page.js,https://minroshmigration.com.au/destinations/new-zealand/faq,200,no,https://minroshmigration.com.au/destinations/new-zealand/faq,yes,"index, follow",no,New Zealand visa FAQ | MinRosh Migration | MinRosh Migration,Common questions about New Zealand visas and how MinRosh supports NZ-bound clients from Australia.,2,97562,,,,"{""cf-ray"":""9f77f0b69827d724-BNE""}"
/destinations/new-zealand/partner,https://minroshmigration.com.au/destinations/new-zealand/partner,unknown,yes,app/destinations/[slug]/[section]/page.js,https://minroshmigration.com.au/destinations/new-zealand/partner,200,no,https://minroshmigration.com.au/destinations/new-zealand/partner,yes,"index, follow",no,New Zealand partner &amp; family visas | MinRosh | MinRosh Migration,Partner and dependent pathways for New Zealand: relationship evidence and sponsorship context. Confirm criteria on Immigration New Zealand.,2,102825,,,,"{""cf-ray"":""9f77f0b71998d724-BNE""}"
/destinations/new-zealand/skilled,https://minroshmigration.com.au/destinations/new-zealand/skilled,unknown,yes,app/destinations/[slug]/[section]/page.js,https://minroshmigration.com.au/destinations/new-zealand/skilled,200,no,https://minroshmigration.com.au/destinations/new-zealand/skilled,yes,"index, follow",no,New Zealand skilled work &amp; residence pathways | MinRosh | MinRosh Migration,"Skilled work and residence planning for New Zealand: accredited employer work visas, skills, and pathway sequencing. Verify requirements on Immigration New Zealand.",2,111295,,,,"{""cf-ray"":""9f77f0b79b2dd724-BNE""}"
/destinations/new-zealand/student,https://minroshmigration.com.au/destinations/new-zealand/student,unknown,yes,app/destinations/[slug]/[section]/page.js,https://minroshmigration.com.au/destinations/new-zealand/student,200,no,https://minroshmigration.com.au/destinations/new-zealand/student,yes,"index, follow",no,New Zealand student visa planning | study in NZ | MinRosh | MinRosh Migration,"Student visa guidance for New Zealand: enrolment, funds, and genuine study intent. Official requirements on Immigration New Zealand.",2,150441,,,,"{""cf-ray"":""9f77f0b82cb9d724-BNE""}"
/destinations/new-zealand/updates,https://minroshmigration.com.au/destinations/new-zealand/updates,unknown,yes,app/destinations/[slug]/[section]/page.js,https://minroshmigration.com.au/destinations/new-zealand/updates,200,no,https://minroshmigration.com.au/destinations/new-zealand/updates,yes,"index, follow",no,New Zealand immigration updates | INZ news | MinRosh | MinRosh Migration,Tracking Immigration New Zealand policy and fee changes. Use official INZ sources and MinRosh for tailored interpretation.,2,99838,,,,"{""cf-ray"":""9f77f0b8ce54d724-BNE""}"
/destinations/united-kingdom,https://minroshmigration.com.au/destinations/united-kingdom,unknown,yes,app/destinations/[slug]/page.js,https://minroshmigration.com.au/destinations/united-kingdom,200,no,https://minroshmigration.com.au/destinations/united-kingdom,yes,"index, follow",no,United Kingdom migration hub | visas &amp; immigration | MinRosh Migration | MinRosh Migration,"UK visa and immigration planning with links to GOV.UK. General information on work, study, and family routes—not legal advice.",2,156589,,,,"{""cf-ray"":""9f77f0b95821d724-BNE""}"
/destinations/united-kingdom/about,https://minroshmigration.com.au/destinations/united-kingdom/about,unknown,yes,app/destinations/[slug]/[section]/page.js,https://minroshmigration.com.au/destinations/united-kingdom/about,200,no,https://minroshmigration.com.au/destinations/united-kingdom/about,yes,"index, follow",no,MinRosh &amp; United Kingdom pathways | migration guidance | MinRosh Migration,How MinRosh supports UK visa and education planning.,2,99591,,,,"{""cf-ray"":""9f77f0ba3ae9d724-BNE""}"
/destinations/united-kingdom/contact,https://minroshmigration.com.au/destinations/united-kingdom/contact,unknown,yes,app/destinations/[slug]/[section]/page.js,https://minroshmigration.com.au/destinations/united-kingdom/contact,200,no,https://minroshmigration.com.au/destinations/united-kingdom/contact,yes,"index, follow",no,Contact MinRosh | United Kingdom visa enquiry | MinRosh Migration,"Contact MinRosh Migration about UK study, work, or family visa planning.",2,100432,,,,"{""cf-ray"":""9f77f0bacc40d724-BNE""}"
/destinations/united-kingdom/education,https://minroshmigration.com.au/destinations/united-kingdom/education,unknown,yes,app/destinations/[slug]/[section]/page.js,https://minroshmigration.com.au/destinations/united-kingdom/education,200,no,https://minroshmigration.com.au/destinations/united-kingdom/education,yes,"index, follow",no,UK education consultation | CAS &amp; visa alignment | MinRosh | MinRosh Migration,Institution and course planning for the UK with Student route awareness.,2,100473,,,,"{""cf-ray"":""9f77f0bb9e2bd724-BNE""}"
/destinations/united-kingdom/faq,https://minroshmigration.com.au/destinations/united-kingdom/faq,unknown,yes,app/destinations/[slug]/[section]/page.js,https://minroshmigration.com.au/destinations/united-kingdom/faq,200,no,https://minroshmigration.com.au/destinations/united-kingdom/faq,yes,"index, follow",no,UK visa FAQ | MinRosh Migration | MinRosh Migration,Introductory UK visa questions for clients working with MinRosh.,2,97124,,,,"{""cf-ray"":""9f77f0bc9954d724-BNE""}"
/destinations/united-kingdom/partner,https://minroshmigration.com.au/destinations/united-kingdom/partner,unknown,yes,app/destinations/[slug]/[section]/page.js,https://minroshmigration.com.au/destinations/united-kingdom/partner,200,no,https://minroshmigration.com.au/destinations/united-kingdom/partner,yes,"index, follow",no,UK partner &amp; family visas | MinRosh | MinRosh Migration,Partner and family visa context for the UK. Financial requirement and relationship evidence on GOV.UK.,2,105195,,,,"{""cf-ray"":""9f77f0bdcd8fd724-BNE""}"
/destinations/united-kingdom/skilled,https://minroshmigration.com.au/destinations/united-kingdom/skilled,unknown,yes,app/destinations/[slug]/[section]/page.js,https://minroshmigration.com.au/destinations/united-kingdom/skilled,200,no,https://minroshmigration.com.au/destinations/united-kingdom/skilled,yes,"index, follow",no,UK Skilled Worker &amp; work routes | GOV.UK alignment | MinRosh | MinRosh Migration,Skilled work routes for the United Kingdom: sponsored employment and visa planning context. Confirm on GOV.UK.,2,106645,,,,"{""cf-ray"":""9f77f0bed930d724-BNE""}"
/destinations/united-kingdom/student,https://minroshmigration.com.au/destinations/united-kingdom/student,unknown,yes,app/destinations/[slug]/[section]/page.js,https://minroshmigration.com.au/destinations/united-kingdom/student,200,no,https://minroshmigration.com.au/destinations/united-kingdom/student,yes,"index, follow",no,UK Student visa planning | study in Britain | MinRosh | MinRosh Migration,"Student route guidance for the UK: CAS, funds, and genuine student factors. Official detail on GOV.UK.",2,149579,,,,"{""cf-ray"":""9f77f0bfcbcfd724-BNE""}"
/destinations/united-kingdom/updates,https://minroshmigration.com.au/destinations/united-kingdom/updates,unknown,yes,app/destinations/[slug]/[section]/page.js,https://minroshmigration.com.au/destinations/united-kingdom/updates,200,no,https://minroshmigration.com.au/destinations/united-kingdom/updates,yes,"index, follow",no,UK immigration updates | Home Office changes | MinRosh | MinRosh Migration,Tracking UK visa changes via GOV.UK and statements. MinRosh helps clients interpret impact.,2,99503,,,,"{""cf-ray"":""9f77f0c05d9fd724-BNE""}"
/disclaimer,https://minroshmigration.com.au/disclaimer,unknown,yes,app/disclaimer/page.js,https://minroshmigration.com.au/disclaimer,200,no,https://minroshmigration.com.au/disclaimer,yes,"index, follow",no,Disclaimer | MinRosh Migration | MinRosh Migration,Read the MinRosh Migration website disclaimer regarding general information and migration guidance.,2,89121,,,,"{""cf-ray"":""9f77f0c11fb9d724-BNE""}"
/education-consultation,https://minroshmigration.com.au/education-consultation,unknown,yes,app/education-consultation/page.js,https://minroshmigration.com.au/education-consultation,200,no,https://minroshmigration.com.au/education-consultation,yes,"index, follow",no,Education Consultation | Study Pathway Planning | MinRosh | MinRosh Migration,"Explore education consultation with MinRosh Migration for course planning, student pathway strategy, and study decisions aligned with long-term migration goals.",2,118186,,,,"{""cf-ray"":""9f77f0c1996ed724-BNE""}"
/employer-sponsored-visas,https://minroshmigration.com.au/employer-sponsored-visas,unknown,yes,app/employer-sponsored-visas/page.js,https://minroshmigration.com.au/employer-sponsored-visas,200,no,https://minroshmigration.com.au/employer-sponsored-visas,yes,"index, follow",no,Employer-Sponsored Visas Australia | MinRosh Migration | MinRosh Migration,"Explore employer-sponsored visa pathways in Australia with guidance on worker eligibility, sponsorship context, and the practical next steps before application.",2,122799,,,,"{""cf-ray"":""9f77f0c24b53d724-BNE""}"
/faq,https://minroshmigration.com.au/faq,unknown,yes,app/faq/page.js,https://minroshmigration.com.au/faq,200,no,https://minroshmigration.com.au/faq,yes,"index, follow",no,Migration FAQ | MinRosh Migration | MinRosh Migration,"Read MinRosh Migration&#x27;s frequently asked questions covering Australian visa timing, migration agent support, costs, and common next-step concerns.",2,144116,,,,"{""cf-ray"":""9f77f0c30d6ad724-BNE""}"
/immigration-lawyer-australia-vs-registered-migration-agent-guide,https://minroshmigration.com.au/immigration-lawyer-australia-vs-registered-migration-agent-guide,unknown,yes,app/immigration-lawyer-australia-vs-registered-migration-agent-guide/page.js,https://minroshmigration.com.au/immigration-lawyer-australia-vs-registered-migration-agent-guide,200,no,https://minroshmigration.com.au/immigration-lawyer-australia-vs-registered-migration-agent-guide,yes,"index, follow",no,Immigration Lawyer Australia vs Migration Agent | MinRosh Guide | MinRosh Migration,"Learn the difference between an immigration lawyer Australia and a registered migration agent, including scope, when each is relevant, and how to choose support.",2,116596,,,,"{""cf-ray"":""9f77f0c3af66d724-BNE""}"
/immigration-news,https://minroshmigration.com.au/immigration-news,unknown,yes,app/immigration-news/page.js,https://minroshmigration.com.au/immigration-news,200,no,https://minroshmigration.com.au/immigration-news,yes,"index, follow",no,Immigration news &amp; official updates | MinRosh Migration | MinRosh Migration,"Browse MinRosh notes on immigration policy changes across Australia, Canada, the UK, and New Zealand — each with a link to the official announcement.",2,89945,,,,"{""cf-ray"":""9f77f0c46967d724-BNE""}"
/immigration-news/canada-border-system-2026,https://minroshmigration.com.au/immigration-news/canada-border-system-2026,unknown,yes,app/immigration-news/[slug]/page.js,https://minroshmigration.com.au/immigration-news/canada-border-system-2026,200,no,https://minroshmigration.com.au/immigration-news/canada-border-system-2026,yes,"index, follow",no,Canada border security and immigration-system integrity changes | MinRosh Migration | MinRosh Migration,"IRCC has continued publishing measures tied to border security, study permit integrity, and broader immigration-system control.",2,78087,,,,"{""cf-ray"":""9f77f0c4eab6d724-BNE""}"
/immigration-news/canada-integrity-fraud-prevention-2026,https://minroshmigration.com.au/immigration-news/canada-integrity-fraud-prevention-2026,unknown,yes,app/immigration-news/[slug]/page.js,https://minroshmigration.com.au/immigration-news/canada-integrity-fraud-prevention-2026,200,no,https://minroshmigration.com.au/immigration-news/canada-integrity-fraud-prevention-2026,yes,"index, follow",no,Canada immigration integrity and fraud-prevention measures | MinRosh Migration | MinRosh Migration,"Official Canadian updates continue to emphasise fraud prevention, application integrity, and stronger penalties for dishonest immigration representation.",2,78371,,,,"{""cf-ray"":""9f77f0c56c08d724-BNE""}"
/immigration-news/migration-sri-lanka-australia-2026,https://minroshmigration.com.au/immigration-news/migration-sri-lanka-australia-2026,unknown,yes,app/immigration-news/[slug]/page.js,https://minroshmigration.com.au/immigration-news/migration-sri-lanka-australia-2026,200,no,https://minroshmigration.com.au/immigration-news/migration-sri-lanka-australia-2026,yes,"index, follow",no,Planning migration from Sri Lanka to Australia (2026) | MinRosh Migration | MinRosh Migration,"A practical read for skilled professionals comparing points-tested visas, employer-sponsored routes, and study pathways — with official Home Affairs links and n",2,78276,,,,"{""cf-ray"":""9f77f0c5dd2ed724-BNE""}"
/immigration-news/nz-visa-fraud-partnerships-2025,https://minroshmigration.com.au/immigration-news/nz-visa-fraud-partnerships-2025,unknown,yes,app/immigration-news/[slug]/page.js,https://minroshmigration.com.au/immigration-news/nz-visa-fraud-partnerships-2025,200,no,https://minroshmigration.com.au/immigration-news/nz-visa-fraud-partnerships-2025,yes,"index, follow",no,New Zealand joins international partners to fight visa fraud | MinRosh Migration | MinRosh Migration,Immigration New Zealand has continued publishing guidance and announcements around visa fraud prevention and official-source awareness.,2,78103,,,,"{""cf-ray"":""9f77f0c65e68d724-BNE""}"
/immigration-news/partner-visa-australia-2026-guide,https://minroshmigration.com.au/immigration-news/partner-visa-australia-2026-guide,unknown,yes,app/immigration-news/[slug]/page.js,https://minroshmigration.com.au/immigration-news/partner-visa-australia-2026-guide,200,no,https://minroshmigration.com.au/immigration-news/partner-visa-australia-2026-guide,yes,"index, follow",no,How to apply for a partner visa in Australia (2026 guide) | MinRosh Migration | MinRosh Migration,"Applying for a partner visa in Australia can be complex. MinRosh Migration helps applicants understand relationship evidence, documentation, health and characte",2,78544,,,,"{""cf-ray"":""9f77f0c6cff0d724-BNE""}"
/immigration-news/skilled-migration-australia-points-2026,https://minroshmigration.com.au/immigration-news/skilled-migration-australia-points-2026,unknown,yes,app/immigration-news/[slug]/page.js,https://minroshmigration.com.au/immigration-news/skilled-migration-australia-points-2026,200,no,https://minroshmigration.com.au/immigration-news/skilled-migration-australia-points-2026,yes,"index, follow",no,Skilled migration Australia points system and invitation trends | MinRosh Migration | MinRosh Migration,"While 65 points is the legal minimum for an Expression of Interest, real invitation rounds can require stronger profiles depending on occupation ceilings, Engli",2,78581,,,,"{""cf-ray"":""9f77f0c7495fd724-BNE""}"
/immigration-news/student-visa-australia-requirements-2026,https://minroshmigration.com.au/immigration-news/student-visa-australia-requirements-2026,unknown,yes,app/immigration-news/[slug]/page.js,https://minroshmigration.com.au/immigration-news/student-visa-australia-requirements-2026,200,no,https://minroshmigration.com.au/immigration-news/student-visa-australia-requirements-2026,yes,"index, follow",no,Student visa Australia requirements explained (2026) | MinRosh Migration | MinRosh Migration,"Planning to study in Australia? This guide explains Confirmation of Enrolment, financial capacity, English requirements, processing timelines, and how a student",2,78449,,,,"{""cf-ray"":""9f77f0c7bab8d724-BNE""}"
/immigration-news/uk-eta-travel-permission-2025,https://minroshmigration.com.au/immigration-news/uk-eta-travel-permission-2025,unknown,yes,app/immigration-news/[slug]/page.js,https://minroshmigration.com.au/immigration-news/uk-eta-travel-permission-2025,200,no,https://minroshmigration.com.au/immigration-news/uk-eta-travel-permission-2025,yes,"index, follow",no,UK ETA enforcement and travel permission updates | MinRosh Migration | MinRosh Migration,"UK immigration changes continue to affect visitors, travellers, and applicants who need to understand ETA and digital-permission requirements.",2,77927,,,,"{""cf-ray"":""9f77f0c83c3fd724-BNE""}"
/meet-the-team,https://minroshmigration.com.au/meet-the-team,unknown,yes,app/meet-the-team/page.js,https://minroshmigration.com.au/meet-the-team,200,no,https://minroshmigration.com.au/meet-the-team,yes,"index, follow",no,Meet the Team | Leadership | MinRosh Migration,"Meet Roshan Samarawickrema (Director) and Minoli Bandaranayake (Founder &amp; Director) at MinRosh Migration, and learn how the wider team supports your migration journey.",2,86921,,,,"{""cf-ray"":""9f77f0c8ce47d724-BNE""}"
/migration-for-healthcare-workers-australia,https://minroshmigration.com.au/migration-for-healthcare-workers-australia,unknown,yes,app/migration-for-healthcare-workers-australia/page.js,https://minroshmigration.com.au/migration-for-healthcare-workers-australia,200,no,https://minroshmigration.com.au/migration-for-healthcare-workers-australia,yes,"index, follow",no,Migration for Healthcare Workers | MinRosh Migration,"Australia migration guidance for nurses, allied health professionals, and healthcare support roles with practical pathway checkpoints.",2,102253,,,,"{""cf-ray"":""9f77f0c9583fd724-BNE""}"
/migration-sri-lanka-to-australia,https://minroshmigration.com.au/migration-sri-lanka-to-australia,unknown,yes,app/migration-sri-lanka-to-australia/page.js,https://minroshmigration.com.au/migration-sri-lanka-to-australia,200,no,https://minroshmigration.com.au/migration-sri-lanka-to-australia,yes,"index, follow",no,Migration from Sri Lanka to Australia | Skilled PR Pathways | MinRosh | MinRosh Migration,"Plan Australian skilled migration, PR, and study pathways from Sri Lanka with Brisbane-based MARA-registered guidance. Points, skills assessment, and realistic next steps explained in plain English.",2,135903,,,,"{""cf-ray"":""9f77f0ca1b08d724-BNE""}"
/partner-visa-309-100-guide,https://minroshmigration.com.au/partner-visa-309-100-guide,unknown,yes,app/partner-visa-309-100-guide/page.js,https://minroshmigration.com.au/partner-visa-309-100-guide,200,no,https://minroshmigration.com.au/partner-visa-309-100-guide,yes,"index, follow",no,309/100 Partner Visa Australia Guide | Offshore Preparation | MinRosh | MinRosh Migration,Understand 309 visa Australia requirements and 100 visa stage 2 planning with practical offshore partner visa preparation guidance.,2,112226,,,,"{""cf-ray"":""9f77f0caad6cd724-BNE""}"
/partner-visa-820-801-guide,https://minroshmigration.com.au/partner-visa-820-801-guide,unknown,yes,app/partner-visa-820-801-guide/page.js,https://minroshmigration.com.au/partner-visa-820-801-guide,200,no,https://minroshmigration.com.au/partner-visa-820-801-guide,yes,"index, follow",no,820/801 Partner Visa Australia Guide | Onshore Evidence Help | MinRosh | MinRosh Migration,"Need 820 visa help? Learn how onshore 820/801 partner visa applications work, what documents to prioritise, and how to prepare stronger evidence.",2,114029,,,,"{""cf-ray"":""9f77f0cb3f8ed724-BNE""}"
/partner-visa-australia,https://minroshmigration.com.au/partner-visa-australia,unknown,yes,app/partner-visa-australia/page.js,https://minroshmigration.com.au/partner-visa-australia,200,no,https://minroshmigration.com.au/partner-visa-australia,yes,"index, follow",no,Partner Visa Australia | 820/801 &amp; 309/100 Guidance | MinRosh | MinRosh Migration,"Prepare a stronger partner visa application with clear evidence planning, eligibility checks, and refusal-risk reduction for onshore and offshore pathways.",2,155574,,,,"{""cf-ray"":""9f77f0cbb94ed724-BNE""}"
/partner-visa-australia-guide,https://minroshmigration.com.au/partner-visa-australia-guide,unknown,yes,app/partner-visa-australia-guide/page.js,https://minroshmigration.com.au/partner-visa-australia-guide,200,no,https://minroshmigration.com.au/partner-visa-australia-guide,yes,"index, follow",no,How to Apply for a Partner Visa in Australia (2026 Guide) | MinRosh Migration,"A practical 2026 guide to applying for a partner visa in Australia, covering relationship evidence, application steps, common refusal risks, and how professional guidance can help.",2,115706,,,,"{""cf-ray"":""9f77f0cc5b05d724-BNE""}"
/popular-routes,https://minroshmigration.com.au/popular-routes,unknown,yes,app/popular-routes/page.js,https://minroshmigration.com.au/popular-routes,200,no,https://minroshmigration.com.au/popular-routes,yes,"index, follow",no,"Popular migration routes | Australia, UK, NZ &amp; Canada | MinRosh | MinRosh Migration","Explore MinRosh pathway hubs for skilled, student, partner, visitor, and global migration routes — filter by destination and open structured guidance before you lodge.",2,91128,,,,"{""cf-ray"":""9f77f0cd0d1bd724-BNE""}"
/privacy-policy,https://minroshmigration.com.au/privacy-policy,unknown,yes,app/privacy-policy/page.js,https://minroshmigration.com.au/privacy-policy,200,no,https://minroshmigration.com.au/privacy-policy,yes,"index, follow",no,Privacy Policy | MinRosh Migration | MinRosh Migration,"Read the MinRosh Migration privacy policy for how enquiries, contact data, and communications are handled.",2,95576,,,,"{""cf-ray"":""9f77f0cd8e7ed724-BNE""}"
/referral-program,https://minroshmigration.com.au/referral-program,unknown,yes,app/referral-program/page.js,https://minroshmigration.com.au/referral-program,200,no,https://minroshmigration.com.au/referral-program,yes,"index, follow",no,Referral program | MinRosh Migration,"Partner with MinRosh Migration and receive tracked referral links for education, employer and community lead introductions.",2,75242,,,,"{""cf-ray"":""9f77f0ce0fdfd724-BNE""}"
/skilled-migration,https://minroshmigration.com.au/skilled-migration,unknown,yes,app/skilled-migration/page.js,https://minroshmigration.com.au/skilled-migration,200,no,https://minroshmigration.com.au/skilled-migration,yes,"index, follow",no,Skilled Migration Australia (189/190/491) | Brisbane Consultation | MinRosh | MinRosh Migration,"Need help with subclass 189, 190, or 491? Get Brisbane-based skilled migration guidance on points, EOI strategy, state nomination, and document readiness before lodgement.",2,183782,,,,"{""cf-ray"":""9f77f0ce8916d724-BNE""}"
/skilled-migration-australia-points-guide,https://minroshmigration.com.au/skilled-migration-australia-points-guide,unknown,yes,app/skilled-migration-australia-points-guide/page.js,https://minroshmigration.com.au/skilled-migration-australia-points-guide,200,no,https://minroshmigration.com.au/skilled-migration-australia-points-guide,yes,"index, follow",no,Skilled Migration Australia Points Guide (2026) | MinRosh Migration,"Learn how the skilled migration Australia points system works in 2026, why 65 points is not always enough, and how nomination and English results can strengthen your profile.",2,117613,,,,"{""cf-ray"":""9f77f0cf2b89d724-BNE""}"
/student-migration-over-25-australia,https://minroshmigration.com.au/student-migration-over-25-australia,unknown,yes,app/student-migration-over-25-australia/page.js,https://minroshmigration.com.au/student-migration-over-25-australia,200,no,https://minroshmigration.com.au/student-migration-over-25-australia,yes,"index, follow",no,Student Migration for Applicants Over 25 | MinRosh Migration,Australia student migration guidance for applicants over 25 with practical planning for Genuine Student requirements and post-study strategy.,2,102957,,,,"{""cf-ray"":""9f77f0cfbe0ed724-BNE""}"
/student-visa-australia,https://minroshmigration.com.au/student-visa-australia,unknown,yes,app/student-visa-australia/page.js,https://minroshmigration.com.au/student-visa-australia,200,no,https://minroshmigration.com.au/student-visa-australia,yes,"index, follow",no,"Student Visa Australia | CoE, Financials &amp; Compliance Help | MinRosh | MinRosh Migration","Get practical student visa guidance on CoE, financial capacity, supporting documents, and compliant study-to-migration planning.",2,205064,,,,"{""cf-ray"":""9f77f0d0790dd724-BNE""}"
/student-visa-australia-requirements,https://minroshmigration.com.au/student-visa-australia-requirements,unknown,yes,app/student-visa-australia-requirements/page.js,https://minroshmigration.com.au/student-visa-australia-requirements,200,no,https://minroshmigration.com.au/student-visa-australia-requirements,yes,"index, follow",no,Student Visa Australia Requirements Explained (2026) | MinRosh Migration,"Understand student visa Australia requirements in 2026, including CoE, financial capacity, English readiness, processing times, and common preparation mistakes.",2,118969,,,,"{""cf-ray"":""9f77f0d12c0fd724-BNE""}"
/terms-of-use,https://minroshmigration.com.au/terms-of-use,unknown,yes,app/terms-of-use/page.js,https://minroshmigration.com.au/terms-of-use,200,no,https://minroshmigration.com.au/terms-of-use,yes,"index, follow",no,Terms of Use | MinRosh Migration | MinRosh Migration,"Read the MinRosh Migration website terms of use, including website content limits, online service access, and general information boundaries.",2,92647,,,,"{""cf-ray"":""9f77f0d1be63d724-BNE""}"
/tools,https://minroshmigration.com.au/tools,unknown,yes,app/tools/page.js,https://minroshmigration.com.au/tools,200,no,https://minroshmigration.com.au/tools,yes,"index, follow",no,Client tools | MinRosh Migration,"MinRosh Migration client tools — eligibility assessment, points wizard entry, and guides. New interactive features ship here first.",2,88230,,,,"{""cf-ray"":""9f77f0d2385bd724-BNE""}"
/tools/pr-pathway-explorer,https://minroshmigration.com.au/tools/pr-pathway-explorer,unknown,yes,app/tools/pr-pathway-explorer/page.js,https://minroshmigration.com.au/tools/pr-pathway-explorer,200,no,https://minroshmigration.com.au/tools/pr-pathway-explorer,yes,"index, follow",no,PR pathway explorer (Australia orientation) | MinRosh Migration,High-level sequencing diagrams for how study or offshore skilled routes are usually discussed — not eligibility advice and not a guarantee of permanent residence.,2,77993,,,,"{""cf-ray"":""9f77f0d2ba02d724-BNE""}"
/tools/student-country-cost-planner,https://minroshmigration.com.au/tools/student-country-cost-planner,unknown,yes,app/tools/student-country-cost-planner/page.js,https://minroshmigration.com.au/tools/student-country-cost-planner,200,no,https://minroshmigration.com.au/tools/student-country-cost-planner,yes,"index, follow",no,Student country &amp; cost planner | MinRosh Migration,"Indicative tuition and living cost bands for early study-abroad budgeting across Australia, Canada, the UK, and New Zealand — not eligibility advice.",2,78221,,,,"{""cf-ray"":""9f77f0d33b58d724-BNE""}"
/updates,https://minroshmigration.com.au/updates,unknown,yes,app/updates/page.js,https://minroshmigration.com.au/updates,200,no,https://minroshmigration.com.au/updates,yes,"index, follow",no,"Migration Updates Hub | Australia, Canada, UK &amp; NZ News | MinRosh | MinRosh Migration","Track immigration and visa updates across Australia, Canada, the United Kingdom, and New Zealand with MinRosh Migration&#x27;s filterable updates hub.",2,95518,,,,"{""cf-ray"":""9f77f0d3acdbd724-BNE""}"
/visa-refusal-help-australia-and-aat-migration-appeal-guide,https://minroshmigration.com.au/visa-refusal-help-australia-and-aat-migration-appeal-guide,unknown,yes,app/visa-refusal-help-australia-and-aat-migration-appeal-guide/page.js,https://minroshmigration.com.au/visa-refusal-help-australia-and-aat-migration-appeal-guide,200,no,https://minroshmigration.com.au/visa-refusal-help-australia-and-aat-migration-appeal-guide,yes,"index, follow",no,Visa Refusal Help Australia | AAT Migration Appeal Guide | MinRosh | MinRosh Migration,"Understand visa refusal help Australia options, AAT migration appeal basics, timelines, evidence strategy, and when to seek registered migration support.",2,115979,,,,"{""cf-ray"":""9f77f0d42e3dd724-BNE""}"
/visitor-visas,https://minroshmigration.com.au/visitor-visas,unknown,yes,app/visitor-visas/page.js,https://minroshmigration.com.au/visitor-visas,200,no,https://minroshmigration.com.au/visitor-visas,yes,"index, follow",no,Visitor Visas Australia | MinRosh Migration | MinRosh Migration,"Get practical guidance on visitor visa applications, travel purpose, supporting documents, and common refusal risks before you lodge.",2,114683,,,,"{""cf-ray"":""9f77f0d4bf8fd724-BNE""}"